{
    "8":{
        "qnrf": {
            "bins": {
                "fine":[
                    [0, 0], [1, 1], [2, 2], [3, 3], [4, 4],
                    [5, 5], [6, 6], [7, 7], [8, "inf"]
                ],
                "dynamic": [
                    [0, 0], [1, 1], [2, 2], [3, 3],
                    [4, 5], [6, 7], [8, "inf"]
                ],
                "coarse": [
                    [0, 0], [1, 2], [3, 4], [5, 6], [7, "inf"]
                ]
            },
            "anchor_points": {
                "fine": {
                    "middle": [0, 1, 2, 3, 4, 5, 6, 7, 8],
                    "average": [0, 1, 2, 3, 4, 5, 6, 7, 9.23349]
                },
                "dynamic": {
                    "middle": [0, 1, 2, 3, 4.5, 6.5, 8],
                    "average": [0, 1, 2, 3, 4.29278, 6.31441, 9.23349]
                },
                "coarse": {
                    "middle": [0, 1.5, 3.5, 5.5, 7],
                    "average": [0, 1.14978, 3.27641, 5.30609, 8.11466]
                }
            }
        }
    }
}