{
    "19": {
        "qnrf": {
            "bins": {
                "fine": [
                    [0, 0], [1, 1], [2, 2], [3, 3], [4, 4],
                    [5, 5], [6, 6], [7, 7], [8, 8], [9, 9],
                    [10, 10], [11, 11], [12, 12], [13, 13], [14, 14],
                    [15, 15], [16, 16], [17, 17], [18, 18], [19, "inf"]
                ],
                "dynamic": [
                    [0, 0], [1, 1], [2, 2], [3, 3], [4, 4],
                    [5, 5], [6, 6], [7, 7], [8, 8], [9, 9],
                    [10, 11], [12, 13], [14, 15], [16, 17], [18, "inf"]
                ],
                "coarse": [
                    [0, 0], [1, 2], [3, 4], [5, 6], [7, 8],
                    [9, 10], [11, 12], [13, 14], [15, 16], [17, 18],
                    [19, "inf"]
                ]
            },
            "anchor_points": {
                "fine": {
                    "middle": [
                        0, 1, 2, 3, 4, 5, 6, 7, 8, 9, 10,
                        11, 12, 13, 14, 15, 16, 17, 18, 19
                    ],
                    "average": [
                        0, 1, 2, 3, 4, 5, 6, 7, 8, 9, 10,
                        11, 12, 13, 14, 15, 16, 17, 18, 23.01897
                    ]
                },
                "dynamic": {
                    "middle": [
                        0, 1, 2, 3, 4, 5, 6, 7, 8, 9, 10.5,
                        12.5, 14.5, 16.5, 18
                    ],
                    "average": [
                        0, 1, 2, 3, 4, 5, 6, 7, 8, 9, 10.42903,
                        12.43320, 14.43341, 16.43521, 21.93548
                    ]
                },
                "coarse": {
                    "middle": [
                        0, 1.5, 3.5, 5.5, 7.5, 9.5,
                        11.5, 13.5, 15.5, 17.5, 19
                    ],
                    "average": [
                        0, 1.23498, 3.36108, 5.40298, 7.41406, 9.42356,
                        11.43094, 13.43244, 15.43697, 17.43759, 23.01897
                    ]
                }
            }
        }
    }
}